<?xml version="1.0" encoding="UTF-8"?>
<project-private xmlns="http://www.netbeans.org/ns/project-private/1">
    <editor-bookmarks xmlns="http://www.netbeans.org/ns/editor-bookmarks/2" lastBookmarkId="0"/>
    <open-files xmlns="http://www.netbeans.org/ns/projectui-open-files/2">
        <group>
            <file>file:/C:/Users/adria/Downloads/Proyecto-1%20(A)/Proyecto-1/src/InterfazSopadeletras.java</file>
            <file>file:/C:/Users/adria/Downloads/Proyecto-1%20(A)/Proyecto-1/src/Tablero.java</file>
            <file>file:/C:/Users/adria/Downloads/Proyecto-1%20(A)/Proyecto-1/src/ValidadorTxt.java</file>
        </group>
    </open-files>
</project-private>
